[
  {
    "id": 1,
    "title": "Computer and Network Security - Lecture",
    "priority": "high",
    "deadline": "2025-05-04T10:00:00",
    "duration": 90,
    "is_scheduled": true,
    "category": "School",
    "to_reschedule": false,
    "is_synched": true,
    "status": "To Do",
    "user": "test@gmail.com"
  },
  {
    "id": 2,
    "title": "Computer and Network Security - Tutorial",
    "priority": "high",
    "deadline": "2025-05-04T11:40:00",
    "duration": 90,
    "is_scheduled": true,
    "category": "School",
    "to_reschedule": false,
    "is_synched": true,
    "status": "To Do",
    "user": "test@gmail.com"
  },
  {
    "id": 3,
    "title": "Machine Learning - Lab",
    "priority": "high",
    "deadline": "2025-05-04T15:00:00",
    "duration": 90,
    "is_scheduled": true,
    "category": "School",
    "to_reschedule": false,
    "is_synched": true,
    "status": "To Do",
    "user": "test@gmail.com"
  },
  {
    "id": 4,
    "title": "Machine Learning - Lab",
    "priority": "high",
    "deadline": "2025-05-04T16:40:00",
    "duration": 90,
    "is_scheduled": true,
    "category": "School",
    "to_reschedule": false,
    "is_synched": true,
    "status": "To Do",
    "user": "test@gmail.com"
  },
  {
    "id": 5,
    "title": "Machine Learning - Tutorial",
    "priority": "high",
    "deadline": "2025-05-04T18:20:00",
    "duration": 90,
    "is_scheduled": true,
    "category": "School",
    "to_reschedule": false,
    "is_synched": true,
    "status": "To Do",
    "user": "test@gmail.com"
  },
  {
    "id": 6,
    "title": "Machine Learning - Lecture",
    "priority": "high",
    "deadline": "2025-05-04T10:00:00",
    "duration": 90,
    "is_scheduled": true,
    "category": "School",
    "to_reschedule": false,
    "is_synched": true,
    "status": "To Do",
    "user": "test@gmail.com"
  },
  {
    "id": 7,
    "title": "Computer and Network Security - Lab",
    "priority": "high",
    "deadline": "2025-05-04T11:40:00",
    "duration": 90,
    "is_scheduled": true,
    "category": "School",
    "to_reschedule": false,
    "is_synched": true,
    "status": "To Do",
    "user": "test@gmail.com"
  },
  {
    "id": 8,
    "title": "Advanced Databases - Lab",
    "priority": "high",
    "deadline": "2025-05-04T13:20:00",
    "duration": 90,
    "is_scheduled": true,
    "category": "School",
    "to_reschedule": false,
    "is_synched": true,
    "status": "To Do",
    "user": "test@gmail.com"
  },
  {
    "id": 9,
    "title": "Numerical Methods and Optimisation - Lecture",
    "priority": "high",
    "deadline": "2025-05-04T16:40:00",
    "duration": 90,
    "is_scheduled": true,
    "category": "School",
    "to_reschedule": false,
    "is_synched": true,
    "status": "To Do",
    "user": "test@gmail.com"
  },
  {
    "id": 10,
    "title": "Machine Learning - Lecture",
    "priority": "high",
    "deadline": "2025-05-04T10:00:00",
    "duration": 90,
    "is_scheduled": true,
    "category": "School",
    "to_reschedule": false,
    "is_synched": true,
    "status": "To Do",
    "user": "test@gmail.com"
  },
  {
    "id": 11,
    "title": "Advanced Databases - Lecture",
    "priority": "high",
    "deadline": "2025-05-04T11:40:00",
    "duration": 90,
    "is_scheduled": true,
    "category": "School",
    "to_reschedule": false,
    "is_synched": true,
    "status": "To Do",
    "user": "test@gmail.com"
  },
  {
    "id": 12,
    "title": "Numerical Methods and Optimisation - Lecture",
    "priority": "high",
    "deadline": "2025-05-06T15:00:00",
    "duration": 90,
    "is_scheduled": true,
    "category": "School",
    "to_reschedule": false,
    "is_synched": true,
    "status": "To Do",
    "user": "test@gmail.com"
  },
  {
    "id": 13,
    "title": "Numerical Methods and Optimisation - Tutorial",
    "priority": "high",
    "deadline": "2025-05-06T16:40:00",
    "duration": 90,
    "is_scheduled": true,
    "category": "School",
    "to_reschedule": false,
    "is_synched": true,
    "status": "To Do",
    "user": "test@gmail.com"
  },
  {
    "id": 14,
    "title": "Time Series Analysis and Classification - Lecture",
    "priority": "high",
    "deadline": "2025-05-07T10:00:00",
    "duration": 90,
    "is_scheduled": true,
    "category": "School",
    "to_reschedule": false,
    "is_synched": true,
    "status": "To Do",
    "user": "test@gmail.com"
  },
  {
    "id": 15,
    "title": "Group Project - Lab",
    "priority": "high",
    "deadline": "2025-05-07T15:00:00",
    "duration": 90,
    "is_scheduled": true,
    "category": "School",
    "to_reschedule": false,
    "is_synched": true,
    "status": "To Do",
    "user": "test@gmail.com"
  },
  {
    "id": 16,
    "title": "Advanced Databases - Tutorial",
    "priority": "high",
    "deadline": "2025-05-07T16:40:00",
    "duration": 90,
    "is_scheduled": true,
    "category": "School",
    "to_reschedule": false,
    "is_synched": true,
    "status": "To Do",
    "user": "test@gmail.com"
  },
  {
    "id": 17,
    "title": "Time Series Analysis and Classification - Tutorial",
    "priority": "high",
    "deadline": "2025-05-07T18:20:00",
    "duration": 90,
    "is_scheduled": true,
    "category": "School",
    "to_reschedule": false,
    "is_synched": true,
    "status": "To Do",
    "user": "test@gmail.com"
  },
  {
    "id": 18,
    "title": "Project Management - Lecture",
    "priority": "high",
    "deadline": "2025-05-08T11:40:00",
    "duration": 90,
    "is_scheduled": true,
    "category": "School",
    "to_reschedule": false,
    "is_synched": true,
    "status": "To Do",
    "user": "test@gmail.com"
  },
  {
    "id": 19,
    "title": "Numerical Methods and Optimisation - Lab",
    "priority": "high",
    "deadline": "2025-05-08T13:20:00",
    "duration": 90,
    "is_scheduled": true,
    "category": "School",
    "to_reschedule": false,
    "is_synched": true,
    "status": "To Do",
    "user": "test@gmail.com"
  }
]
