[
  {
    "id": 1,
    "task_id": 1,
    "start_time": "2025-05-04T8:30:00",
    "end_time": "2025-05-04T10:00:00",
    "duration": 90
  },
  {
    "id": 2,
    "task_id": 2,
    "start_time": "2025-05-04T10:10:00",
    "end_time": "2025-05-04T11:40:00",
    "duration": 90
  },
  {
    "id": 3,
    "task_id": 3,
    "start_time": "2025-05-04T13:30:00",
    "end_time": "2025-05-04T15:00:00",
    "duration": 90
  },
  {
    "id": 4,
    "task_id": 4,
    "start_time": "2025-05-04T15:10:00",
    "end_time": "2025-05-04T16:40:00",
    "duration": 90
  },
  {
    "id": 5,
    "task_id": 5,
    "start_time": "2025-05-04T16:50:00",
    "end_time": "2025-05-04T18:20:00",
    "duration": 90
  },
  {
    "id": 6,
    "task_id": 6,
    "start_time": "2025-05-05T8:30:00",
    "end_time": "2025-05-05T10:00:00",
    "duration": 90
  },
  {
    "id": 7,
    "task_id": 7,
    "start_time": "2025-05-05T10:10:00",
    "end_time": "2025-05-05T11:40:00",
    "duration": 90
  },
  {
    "id": 8,
    "task_id": 8,
    "start_time": "2025-05-05T11:50:00",
    "end_time": "2025-05-05T13:20:00",
    "duration": 90
  },
  {
    "id": 9,
    "task_id": 9,
    "start_time": "2025-05-05T15:10:00",
    "end_time": "2025-05-05T16:40:00",
    "duration": 90
  },
  {
    "id": 10,
    "task_id": 10,
    "start_time": "2025-05-06T8:30:00",
    "end_time": "2025-05-06T10:00:00",
    "duration": 90
  },
  {
    "id": 11,
    "task_id": 11,
    "start_time": "2025-05-06T10:10:00",
    "end_time": "2025-05-06T11:40:00",
    "duration": 90
  },
  {
    "id": 12,
    "task_id": 12,
    "start_time": "2025-05-06T13:30:00",
    "end_time": "2025-05-06T15:00:00",
    "duration": 90
  },
  {
    "id": 13,
    "task_id": 13,
    "start_time": "2025-05-06T15:10:00",
    "end_time": "2025-05-06T16:40:00",
    "duration": 90
  },
  {
    "id": 14,
    "task_id": 14,
    "start_time": "2025-05-07T8:30:00",
    "end_time": "2025-05-07T10:00:00",
    "duration": 90
  },
  {
    "id": 15,
    "task_id": 15,
    "start_time": "2025-05-07T13:30:00",
    "end_time": "2025-05-07T15:00:00",
    "duration": 90
  },
  {
    "id": 16,
    "task_id": 16,
    "start_time": "2025-05-07T15:10:00",
    "end_time": "2025-05-07T16:40:00",
    "duration": 90
  },
  {
    "id": 17,
    "task_id": 17,
    "start_time": "2025-05-07T16:50:00",
    "end_time": "2025-05-07T18:20:00",
    "duration": 90
  },
  {
    "id": 18,
    "task_id": 18,
    "start_time": "2025-05-08T10:10:00",
    "end_time": "2025-05-08T11:40:00",
    "duration": 90
  },
  {
    "id": 19,
    "task_id": 19,
    "start_time": "2025-05-08T11:50:00",
    "end_time": "2025-05-08T13:20:00",
    "duration": 90
  }
]
