[
  {
    "id": 130,
    "title": "Write Journal",
    "priority": "low",
    "deadline": "2025-05-04T09:00:00",
    "duration": 20,
    "is_scheduled": false,
    "category": "Personal",
    "to_reschedule": false,
    "is_synched": true,
    "status": "To Do",
    "user": "test@gmail.com"
  },
  {
    "id": 131,
    "title": "Bake Cookies",
    "priority": "medium",
    "deadline": "2025-05-04T14:30:00",
    "duration": 45,
    "is_scheduled": false,
    "category": "Leisure",
    "to_reschedule": false,
    "is_synched": true,
    "status": "To Do",
    "user": "test@gmail.com"
  },
  {
    "id": 132,
    "title": "Organize Digital Files",
    "priority": "high",
    "deadline": "2025-05-04T11:00:00",
    "duration": 30,
    "is_scheduled": false,
    "category": "Work",
    "to_reschedule": false,
    "is_synched": true,
    "status": "To Do",
    "user": "test@gmail.com"
  },
  {
    "id": 133,
    "title": "Take Out Trash",
    "priority": "low",
    "deadline": "2025-05-04T19:00:00",
    "duration": 15,
    "is_scheduled": false,
    "category": "Home",
    "to_reschedule": false,
    "is_synched": true,
    "status": "To Do",
    "user": "test@gmail.com"
  },
  {
    "id": 134,
    "title": "Check Emails",
    "priority": "medium",
    "deadline": "2025-05-05T08:00:00",
    "duration": 20,
    "is_scheduled": false,
    "category": "Work",
    "to_reschedule": false,
    "is_synched": true,
    "status": "To Do",
    "user": "test@gmail.com"
  },
  {
    "id": 135,
    "title": "Water Plants",
    "priority": "low",
    "deadline": "2025-05-05T10:00:00",
    "duration": 15,
    "is_scheduled": false,
    "category": "Home",
    "to_reschedule": false,
    "is_synched": true,
    "status": "To Do",
    "user": "test@gmail.com"
  },
  {
    "id": 136,
    "title": "Study Algorithms",
    "priority": "high",
    "deadline": "2025-05-05T13:00:00",
    "duration": 45,
    "is_scheduled": false,
    "category": "School",
    "to_reschedule": false,
    "is_synched": true,
    "status": "To Do",
    "user": "test@gmail.com"
  },
  {
    "id": 137,
    "title": "Online Banking",
    "priority": "medium",
    "deadline": "2025-05-05T15:30:00",
    "duration": 25,
    "is_scheduled": false,
    "category": "Personal",
    "to_reschedule": false,
    "is_synched": true,
    "status": "To Do",
    "user": "test@gmail.com"
  },
  {
    "id": 138,
    "title": "Iron Clothes",
    "priority": "low",
    "deadline": "2025-05-05T17:00:00",
    "duration": 30,
    "is_scheduled": false,
    "category": "Home",
    "to_reschedule": false,
    "is_synched": true,
    "status": "To Do",
    "user": "test@gmail.com"
  },
  {
    "id": 139,
    "title": "Buy Birthday Gift",
    "priority": "high",
    "deadline": "2025-05-06T10:30:00",
    "duration": 30,
    "is_scheduled": false,
    "category": "Personal",
    "to_reschedule": false,
    "is_synched": true,
    "status": "To Do",
    "user": "test@gmail.com"
  },
  {
    "id": 140,
    "title": "Health Check Appointment",
    "priority": "medium",
    "deadline": "2025-05-06T12:00:00",
    "duration": 45,
    "is_scheduled": false,
    "category": "Health",
    "to_reschedule": false,
    "is_synched": true,
    "status": "To Do",
    "user": "test@gmail.com"
  },
  {
    "id": 141,
    "title": "Fix Bike Tire",
    "priority": "low",
    "deadline": "2025-05-06T14:00:00",
    "duration": 20,
    "is_scheduled": false,
    "category": "Home",
    "to_reschedule": false,
    "is_synched": true,
    "status": "To Do",
    "user": "test@gmail.com"
  },
  {
    "id": 142,
    "title": "Practice Guitar",
    "priority": "medium",
    "deadline": "2025-05-06T17:00:00",
    "duration": 30,
    "is_scheduled": false,
    "category": "Leisure",
    "to_reschedule": false,
    "is_synched": true,
    "status": "To Do",
    "user": "test@gmail.com"
  },
  {
    "id": 143,
    "title": "Stretching Routine",
    "priority": "low",
    "deadline": "2025-05-06T20:00:00",
    "duration": 15,
    "is_scheduled": false,
    "category": "Health",
    "to_reschedule": false,
    "is_synched": true,
    "status": "To Do",
    "user": "test@gmail.com"
  },
  {
    "id": 144,
    "title": "Declutter Desk",
    "priority": "low",
    "deadline": "2025-05-07T08:30:00",
    "duration": 30,
    "is_scheduled": false,
    "category": "Home",
    "to_reschedule": false,
    "is_synched": true,
    "status": "To Do",
    "user": "test@gmail.com"
  },
  {
    "id": 145,
    "title": "Review Budget",
    "priority": "high",
    "deadline": "2025-05-07T12:30:00",
    "duration": 30,
    "is_scheduled": false,
    "category": "Personal",
    "to_reschedule": false,
    "is_synched": true,
    "status": "To Do",
    "user": "test@gmail.com"
  },
  {
    "id": 146,
    "title": "Check Weather Forecast",
    "priority": "low",
    "deadline": "2025-05-07T17:30:00",
    "duration": 15,
    "is_scheduled": false,
    "category": "Personal",
    "to_reschedule": false,
    "is_synched": true,
    "status": "To Do",
    "user": "test@gmail.com"
  },
  {
    "id": 147,
    "title": "Prepare Presentation",
    "priority": "high",
    "deadline": "2025-05-07T20:00:00",
    "duration": 45,
    "is_scheduled": false,
    "category": "Work",
    "to_reschedule": false,
    "is_synched": true,
    "status": "To Do",
    "user": "test@gmail.com"
  },
  {
    "id": 148,
    "title": "Write Poem",
    "priority": "medium",
    "deadline": "2025-05-08T07:00:00",
    "duration": 20,
    "is_scheduled": false,
    "category": "Leisure",
    "to_reschedule": false,
    "is_synched": true,
    "status": "To Do",
    "user": "test@gmail.com"
  },
  {
    "id": 149,
    "title": "Walk the Dog",
    "priority": "medium",
    "deadline": "2025-05-08T08:00:00",
    "duration": 30,
    "is_scheduled": false,
    "category": "Personal",
    "to_reschedule": false,
    "is_synched": true,
    "status": "To Do",
    "user": "test@gmail.com"
  },
  {
    "id": 150,
    "title": "Online Course - AI Ethics",
    "priority": "high",
    "deadline": "2025-05-08T10:00:00",
    "duration": 45,
    "is_scheduled": false,
    "category": "School",
    "to_reschedule": false,
    "is_synched": true,
    "status": "To Do",
    "user": "test@gmail.com"
  },
  {
    "id": 151,
    "title": "Play Chess Online",
    "priority": "low",
    "deadline": "2025-05-08T13:00:00",
    "duration": 25,
    "is_scheduled": false,
    "category": "Leisure",
    "to_reschedule": false,
    "is_synched": true,
    "status": "To Do",
    "user": "test@gmail.com"
  },
  {
    "id": 152,
    "title": "Make Smoothie",
    "priority": "low",
    "deadline": "2025-05-08T15:30:00",
    "duration": 15,
    "is_scheduled": false,
    "category": "Health",
    "to_reschedule": false,
    "is_synched": true,
    "status": "To Do",
    "user": "test@gmail.com"
  },
  {
    "id": 153,
    "title": "Sketch Nature Scene",
    "priority": "medium",
    "deadline": "2025-05-08T19:00:00",
    "duration": 30,
    "is_scheduled": false,
    "category": "Leisure",
    "to_reschedule": false,
    "is_synched": true,
    "status": "To Do",
    "user": "test@gmail.com"
  },
  {
    "id": 154,
    "title": "Play Chess Online",
    "priority": "high",
    "deadline": "2025-05-08T13:00:00",
    "duration": 45,
    "is_scheduled": false,
    "category": "Leisure",
    "to_reschedule": false,
    "is_synched": true,
    "status": "To Do",
    "user": "test@gmail.com"
  },
  {
    "id": 155,
    "title": "Make Smoothie",
    "priority": "medium",
    "deadline": "2025-05-08T15:30:00",
    "duration": 30,
    "is_scheduled": false,
    "category": "Health",
    "to_reschedule": false,
    "is_synched": true,
    "status": "To Do",
    "user": "test@gmail.com"
  },
  {
    "id": 153,
    "title": "Sketch Nature Scene",
    "priority": "high",
    "deadline": "2025-05-08T19:00:00",
    "duration": 20,
    "is_scheduled": false,
    "category": "Leisure",
    "to_reschedule": false,
    "is_synched": true,
    "status": "To Do",
    "user": "test@gmail.com"
  }
]
